{
    "timestamp": "2026-01-17 01:40:08",
    "starting_balance": 100.0,
    "current_balance": 101.969604,
    "total_profit": 4.0196000000000005,
    "total_loss": 2.049996,
    "win_trades": 2,
    "loss_trades": 2,
    "total_trades": 4
}