{
    "timestamp": "2026-01-19 10:41:57",
    "starting_balance": 114.53225921280004,
    "current_balance": 114.53225921280004,
    "total_profit": 16.58225521280003,
    "total_loss": 2.049996,
    "win_trades": 8,
    "loss_trades": 2,
    "total_trades": 10
}